{"file":"cuishu_tex.png","res":{"Sprite_10":{"x":1,"y":80,"w":74,"h":76},"Sprite_8":{"x":155,"y":83,"w":76,"h":54},"Sprite_7":{"x":161,"y":219,"w":70,"h":36},"Sprite_6":{"x":77,"y":83,"w":76,"h":54},"Sprite_4":{"x":1,"y":1,"w":74,"h":77},"Sprite_3":{"x":161,"y":1,"w":66,"h":80},"Sprite_2":{"x":161,"y":139,"w":52,"h":78},"Sprite_1":{"x":215,"y":139,"w":36,"h":70},"Sprite_0":{"x":77,"y":1,"w":66,"h":80},"Sprite_5":{"x":1,"y":158,"w":78,"h":68},"Sprite_9":{"x":81,"y":158,"w":78,"h":68}},"mc":{"cuishu_mc_1":{"labels":[{"end":11,"frame":1,"name":"Sprite"}],"frameRate":12,"frames":[{"duration":1,"y":-40,"res":"Sprite_0","x":-33},{"duration":1,"y":-35,"res":"Sprite_1","x":-18},{"duration":1,"y":-39,"res":"Sprite_2","x":-26},{"duration":1,"y":-40,"res":"Sprite_3","x":-33},{"duration":1,"y":-38,"res":"Sprite_4","x":-37},{"duration":1,"y":-34,"res":"Sprite_5","x":-39},{"duration":1,"y":-27,"res":"Sprite_6","x":-38},{"duration":1,"y":-18,"res":"Sprite_7","x":-35},{"duration":1,"y":-27,"res":"Sprite_8","x":-38},{"duration":1,"y":-34,"res":"Sprite_9","x":-39},{"duration":1,"y":-38,"res":"Sprite_10","x":-37}],"events":[]}}}