{"file":"fangtou_tex.png","res":{"Sprite_8":{"x":329,"y":238,"w":162,"h":77},"Sprite_6":{"x":1,"y":171,"w":162,"h":77},"Sprite_3":{"x":1,"y":88,"w":162,"h":81},"Sprite_1":{"x":1,"y":1,"w":162,"h":85},"Sprite_10":{"x":329,"y":80,"w":172,"h":77},"Sprite_11":{"x":1,"y":250,"w":162,"h":77},"Sprite_7":{"x":329,"y":159,"w":162,"h":77},"Sprite_5":{"x":329,"y":1,"w":172,"h":77},"Sprite_4":{"x":165,"y":171,"w":162,"h":77},"Sprite_2":{"x":165,"y":1,"w":162,"h":85},"Sprite_0":{"x":165,"y":88,"w":162,"h":81},"Sprite_9":{"x":165,"y":250,"w":162,"h":77}},"mc":{"fangtou_mc_1":{"labels":[{"end":12,"frame":1,"name":"Sprite"}],"frameRate":12,"frames":[{"duration":1,"y":-35,"res":"Sprite_0","x":-81},{"duration":1,"y":-35,"res":"Sprite_1","x":-81},{"duration":1,"y":-35,"res":"Sprite_2","x":-81},{"duration":1,"y":-35,"res":"Sprite_3","x":-81},{"duration":1,"y":-35,"res":"Sprite_4","x":-81},{"duration":1,"y":-35,"res":"Sprite_5","x":-91},{"duration":1,"y":-35,"res":"Sprite_6","x":-81},{"duration":1,"y":-35,"res":"Sprite_7","x":-81},{"duration":1,"y":-35,"res":"Sprite_8","x":-81},{"duration":1,"y":-35,"res":"Sprite_9","x":-81},{"duration":1,"y":-35,"res":"Sprite_10","x":-81},{"duration":1,"y":-35,"res":"Sprite_11","x":-81}],"events":[]}}}