{"file":"feiliao_tex.png","res":{"Sprite_13":{"x":185,"y":1,"w":89,"h":80},"Sprite_8":{"x":94,"y":1,"w":89,"h":80},"Sprite_16":{"x":1,"y":1,"w":91,"h":80},"Sprite_6":{"x":89,"y":411,"w":86,"h":80},"Sprite_3":{"x":92,"y":247,"w":79,"h":80},"Sprite_1":{"x":92,"y":329,"w":60,"h":79},"Sprite_10":{"x":276,"y":1,"w":89,"h":80},"Sprite_12":{"x":367,"y":1,"w":89,"h":80},"Sprite_11":{"x":1,"y":83,"w":89,"h":80},"Sprite_14":{"x":1,"y":165,"w":89,"h":80},"Sprite_15":{"x":1,"y":247,"w":89,"h":80},"Sprite_7":{"x":1,"y":411,"w":86,"h":80},"Sprite_5":{"x":92,"y":165,"w":80,"h":80},"Sprite_4":{"x":92,"y":83,"w":80,"h":80},"Sprite_2":{"x":173,"y":247,"w":71,"h":82},"Sprite_0":{"x":458,"y":1,"w":45,"h":69},"Sprite_9":{"x":1,"y":329,"w":89,"h":80}},"mc":{"feiliao_mc_1":{"labels":[{"end":17,"frame":1,"name":"Sprite"}],"frameRate":17,"frames":[{"duration":1,"y":-34,"res":"Sprite_0","x":-23},{"duration":1,"y":-39,"res":"Sprite_1","x":-31},{"duration":1,"y":-40,"res":"Sprite_2","x":-36},{"duration":1,"y":-40,"res":"Sprite_3","x":-40},{"duration":1,"y":-40,"res":"Sprite_4","x":-40},{"duration":1,"y":-40,"res":"Sprite_5","x":-40},{"duration":1,"y":-40,"res":"Sprite_6","x":-40},{"duration":1,"y":-40,"res":"Sprite_7","x":-40},{"duration":1,"y":-40,"res":"Sprite_8","x":-40},{"duration":1,"y":-40,"res":"Sprite_9","x":-40},{"duration":1,"y":-40,"res":"Sprite_10","x":-40},{"duration":1,"y":-40,"res":"Sprite_11","x":-40},{"duration":1,"y":-40,"res":"Sprite_12","x":-40},{"duration":1,"y":-40,"res":"Sprite_13","x":-40},{"duration":1,"y":-40,"res":"Sprite_14","x":-40},{"duration":1,"y":-40,"res":"Sprite_15","x":-40},{"duration":1,"y":-40,"res":"Sprite_16","x":-40}],"events":[]}}}