{"file":"ganku_tex.png","res":{"干枯_0":{"x":163,"y":344,"w":52,"h":83},"干枯_21":{"x":1,"y":1,"w":52,"h":84},"干枯_11":{"x":1,"y":87,"w":52,"h":84},"干枯_20":{"x":433,"y":1,"w":52,"h":83},"干枯_8":{"x":1,"y":173,"w":52,"h":84},"干枯_5":{"x":379,"y":1,"w":52,"h":83},"干枯_1":{"x":1,"y":259,"w":52,"h":84},"干枯_13":{"x":163,"y":259,"w":52,"h":83},"干枯_16":{"x":1,"y":345,"w":52,"h":84},"干枯_12":{"x":271,"y":1,"w":52,"h":83},"干枯_23":{"x":55,"y":1,"w":52,"h":84},"干枯_9":{"x":55,"y":87,"w":52,"h":84},"干枯_19":{"x":55,"y":173,"w":52,"h":84},"干枯_18":{"x":55,"y":259,"w":52,"h":84},"干枯_2":{"x":55,"y":345,"w":52,"h":84},"干枯_22":{"x":325,"y":1,"w":52,"h":83},"干枯_10":{"x":109,"y":1,"w":52,"h":84},"干枯_6":{"x":109,"y":87,"w":52,"h":84},"干枯_17":{"x":109,"y":173,"w":52,"h":84},"干枯_7":{"x":109,"y":259,"w":52,"h":84},"干枯_3":{"x":217,"y":1,"w":52,"h":83},"干枯_24":{"x":109,"y":345,"w":52,"h":84},"干枯_15":{"x":163,"y":1,"w":52,"h":84},"干枯_14":{"x":163,"y":87,"w":52,"h":84},"干枯_4":{"x":163,"y":173,"w":52,"h":84}},"mc":{"ganku_mc_1":{"labels":[{"end":25,"frame":1,"name":"干枯"}],"frameRate":24,"frames":[{"duration":1,"y":-40,"res":"干枯_0","x":-26},{"duration":1,"y":-41,"res":"干枯_1","x":-26},{"duration":1,"y":-42,"res":"干枯_2","x":-26},{"duration":1,"y":-42,"res":"干枯_3","x":-26},{"duration":1,"y":-44,"res":"干枯_4","x":-26},{"duration":1,"y":-45,"res":"干枯_5","x":-26},{"duration":1,"y":-48,"res":"干枯_6","x":-26},{"duration":1,"y":-51,"res":"干枯_7","x":-26},{"duration":1,"y":-54,"res":"干枯_8","x":-26},{"duration":1,"y":-58,"res":"干枯_9","x":-26},{"duration":1,"y":-62,"res":"干枯_10","x":-26},{"duration":1,"y":-67,"res":"干枯_11","x":-26},{"duration":1,"y":-72,"res":"干枯_12","x":-26},{"duration":1,"y":-72,"res":"干枯_13","x":-26},{"duration":1,"y":-67,"res":"干枯_14","x":-26},{"duration":1,"y":-62,"res":"干枯_15","x":-26},{"duration":1,"y":-58,"res":"干枯_16","x":-26},{"duration":1,"y":-54,"res":"干枯_17","x":-26},{"duration":1,"y":-51,"res":"干枯_18","x":-26},{"duration":1,"y":-48,"res":"干枯_19","x":-26},{"duration":1,"y":-45,"res":"干枯_20","x":-26},{"duration":1,"y":-44,"res":"干枯_21","x":-26},{"duration":1,"y":-42,"res":"干枯_22","x":-26},{"duration":1,"y":-42,"res":"干枯_23","x":-26},{"duration":1,"y":-41,"res":"干枯_24","x":-26}],"events":[]}}}