{"file":"guozishule_tex.png","res":{"Sprite_8":{"x":373,"y":1,"w":169,"h":169},"Sprite_6":{"x":544,"y":1,"w":150,"h":148},"Sprite_3":{"x":191,"y":383,"w":117,"h":119},"Sprite_1":{"x":545,"y":151,"w":99,"h":99},"Sprite_10":{"x":1,"y":1,"w":189,"h":190},"Sprite_12":{"x":1,"y":193,"w":188,"h":190},"Sprite_11":{"x":191,"y":193,"w":188,"h":188},"Sprite_7":{"x":381,"y":172,"w":162,"h":162},"Sprite_5":{"x":381,"y":336,"w":140,"h":136},"Sprite_4":{"x":523,"y":336,"w":127,"h":129},"Sprite_2":{"x":1,"y":385,"w":109,"h":108},"Sprite_0":{"x":646,"y":151,"w":91,"h":91},"Sprite_9":{"x":192,"y":1,"w":179,"h":180}},"mc":{"guozishule_mc_1":{"labels":[{"end":13,"frame":1,"name":"Sprite"}],"frameRate":13,"frames":[{"duration":1,"y":-45,"res":"Sprite_0","x":-46},{"duration":1,"y":-49,"res":"Sprite_1","x":-50},{"duration":1,"y":-53,"res":"Sprite_2","x":-55},{"duration":1,"y":-59,"res":"Sprite_3","x":-59},{"duration":1,"y":-64,"res":"Sprite_4","x":-64},{"duration":1,"y":-67,"res":"Sprite_5","x":-71},{"duration":1,"y":-73,"res":"Sprite_6","x":-76},{"duration":1,"y":-80,"res":"Sprite_7","x":-81},{"duration":1,"y":-84,"res":"Sprite_8","x":-85},{"duration":1,"y":-90,"res":"Sprite_9","x":-90},{"duration":1,"y":-94,"res":"Sprite_10","x":-95},{"duration":1,"y":-94,"res":"Sprite_11","x":-94},{"duration":1,"y":-96,"res":"Sprite_12","x":-94}],"events":[]}}}