{
  "file": "insect_tex.png",
  "mc": {
    "insect_mc_1": {
      "labels": [
        {
          "end": 24,
          "frame": 1,
          "name": "insect_1"
        }
      ],
      "frameRate": 24,
      "frames": [
        {
          "duration": 1,
          "y": -64,
          "res": "insect_1_0",
          "x": -47
        },
        {
          "duration": 1,
          "y": -67,
          "res": "insect_1_1",
          "x": -47
        },
        {
          "duration": 1,
          "y": -68,
          "res": "insect_1_2",
          "x": -47
        },
        {
          "duration": 1,
          "y": -70,
          "res": "insect_1_3",
          "x": -47
        },
        {
          "duration": 1,
          "y": -74,
          "res": "insect_1_4",
          "x": -47
        },
        {
          "duration": 1,
          "y": -77,
          "res": "insect_1_5",
          "x": -47
        },
        {
          "duration": 1,
          "y": -79,
          "res": "insect_1_6",
          "x": -47
        },
        {
          "duration": 1,
          "y": -86,
          "res": "insect_1_7",
          "x": -47
        },
        {
          "duration": 1,
          "y": -89,
          "res": "insect_1_8",
          "x": -47
        },
        {
          "duration": 1,
          "y": -93,
          "res": "insect_1_9",
          "x": -47
        },
        {
          "duration": 1,
          "y": -103,
          "res": "insect_1_10",
          "x": -47
        },
        {
          "duration": 1,
          "y": -113,
          "res": "insect_1_11",
          "x": -47
        },
        {
          "duration": 1,
          "y": -113,
          "res": "insect_1_12",
          "x": -47
        },
        {
          "duration": 1,
          "y": -113,
          "res": "insect_1_13",
          "x": -47
        },
        {
          "duration": 1,
          "y": -103,
          "res": "insect_1_14",
          "x": -47
        },
        {
          "duration": 1,
          "y": -98,
          "res": "insect_1_15",
          "x": -47
        },
        {
          "duration": 1,
          "y": -93,
          "res": "insect_1_16",
          "x": -47
        },
        {
          "duration": 1,
          "y": -86,
          "res": "insect_1_17",
          "x": -47
        },
        {
          "duration": 1,
          "y": -79,
          "res": "insect_1_18",
          "x": -47
        },
        {
          "duration": 1,
          "y": -77,
          "res": "insect_1_19",
          "x": -47
        },
        {
          "duration": 1,
          "y": -74,
          "res": "insect_1_20",
          "x": -47
        },
        {
          "duration": 1,
          "y": -70,
          "res": "insect_1_21",
          "x": -47
        },
        {
          "duration": 1,
          "y": -68,
          "res": "insect_1_22",
          "x": -47
        },
        {
          "duration": 1,
          "y": -67,
          "res": "insect_1_23",
          "x": -47
        }
      ],
      "events": []
    }
  },
  "res": {
    "insect_1_11": {
      "x": 1,
      "y": 1,
      "w": 84,
      "h": 104
    },
    "insect_1_13": {
      "x": 1,
      "y": 107,
      "w": 84,
      "h": 104
    },
    "insect_1_0": {
      "x": 431,
      "y": 1,
      "w": 84,
      "h": 103
    },
    "insect_1_20": {
      "x": 1,
      "y": 213,
      "w": 84,
      "h": 104
    },
    "insect_1_10": {
      "x": 1,
      "y": 319,
      "w": 84,
      "h": 104
    },
    "insect_1_21": {
      "x": 87,
      "y": 1,
      "w": 84,
      "h": 104
    },
    "insect_1_12": {
      "x": 87,
      "y": 107,
      "w": 84,
      "h": 104
    },
    "insect_1_19": {
      "x": 87,
      "y": 213,
      "w": 84,
      "h": 104
    },
    "insect_1_6": {
      "x": 431,
      "y": 316,
      "w": 84,
      "h": 103
    },
    "insect_1_23": {
      "x": 87,
      "y": 319,
      "w": 84,
      "h": 104
    },
    "insect_1_7": {
      "x": 173,
      "y": 1,
      "w": 84,
      "h": 104
    },
    "insect_1_16": {
      "x": 173,
      "y": 107,
      "w": 84,
      "h": 104
    },
    "insect_1_8": {
      "x": 431,
      "y": 106,
      "w": 84,
      "h": 103
    },
    "insect_1_4": {
      "x": 173,
      "y": 213,
      "w": 84,
      "h": 104
    },
    "insect_1_17": {
      "x": 173,
      "y": 319,
      "w": 84,
      "h": 104
    },
    "insect_1_3": {
      "x": 259,
      "y": 1,
      "w": 84,
      "h": 104
    },
    "insect_1_15": {
      "x": 259,
      "y": 107,
      "w": 84,
      "h": 104
    },
    "insect_1_14": {
      "x": 259,
      "y": 213,
      "w": 84,
      "h": 104
    },
    "insect_1_2": {
      "x": 259,
      "y": 319,
      "w": 84,
      "h": 104
    },
    "insect_1_5": {
      "x": 345,
      "y": 1,
      "w": 84,
      "h": 104
    },
    "insect_1_22": {
      "x": 345,
      "y": 107,
      "w": 84,
      "h": 104
    },
    "insect_1_9": {
      "x": 345,
      "y": 213,
      "w": 84,
      "h": 104
    },
    "insect_1_18": {
      "x": 431,
      "y": 211,
      "w": 84,
      "h": 103
    },
    "insect_1_1": {
      "x": 345,
      "y": 319,
      "w": 84,
      "h": 104
    }
  }
}