{"file":"shachong_tex.png","res":{"Sprite_8":{"x":148,"y":1,"w":64,"h":83},"Sprite_6":{"x":211,"y":86,"w":58,"h":83},"Sprite_3":{"x":268,"y":171,"w":49,"h":80},"Sprite_1":{"x":271,"y":80,"w":43,"h":77},"Sprite_10":{"x":73,"y":171,"w":70,"h":83},"Sprite_12":{"x":76,"y":86,"w":70,"h":83},"Sprite_11":{"x":1,"y":171,"w":70,"h":83},"Sprite_14":{"x":1,"y":1,"w":73,"h":83},"Sprite_7":{"x":148,"y":86,"w":61,"h":83},"Sprite_5":{"x":214,"y":1,"w":55,"h":82},"Sprite_4":{"x":214,"y":171,"w":52,"h":80},"Sprite_13":{"x":76,"y":1,"w":70,"h":83},"Sprite_2":{"x":271,"y":1,"w":46,"h":77},"Sprite_0":{"x":316,"y":80,"w":40,"h":77},"Sprite_15":{"x":1,"y":86,"w":73,"h":83},"Sprite_9":{"x":145,"y":171,"w":67,"h":83}},"mc":{"shachong_mc_1":{"labels":[{"end":16,"frame":1,"name":"Sprite"}],"frameRate":16,"frames":[{"duration":1,"y":-38,"res":"Sprite_0","x":-18},{"duration":1,"y":-38,"res":"Sprite_1","x":-18},{"duration":1,"y":-38,"res":"Sprite_2","x":-18},{"duration":1,"y":-41,"res":"Sprite_3","x":-18},{"duration":1,"y":-41,"res":"Sprite_4","x":-18},{"duration":1,"y":-43,"res":"Sprite_5","x":-18},{"duration":1,"y":-44,"res":"Sprite_6","x":-18},{"duration":1,"y":-44,"res":"Sprite_7","x":-18},{"duration":1,"y":-44,"res":"Sprite_8","x":-18},{"duration":1,"y":-44,"res":"Sprite_9","x":-18},{"duration":1,"y":-44,"res":"Sprite_10","x":-18},{"duration":1,"y":-44,"res":"Sprite_11","x":-18},{"duration":1,"y":-44,"res":"Sprite_12","x":-18},{"duration":1,"y":-44,"res":"Sprite_13","x":-18},{"duration":1,"y":-44,"res":"Sprite_14","x":-18},{"duration":1,"y":-44,"res":"Sprite_15","x":-18}],"events":[]}}}