{"file":"yaoji_tex.png","res":{"Sprite_8":{"x":153,"y":169,"w":52,"h":78},"Sprite_6":{"x":257,"y":169,"w":44,"h":76},"Sprite_3":{"x":386,"y":169,"w":35,"h":73},"Sprite_1":{"x":457,"y":169,"w":30,"h":72},"Sprite_10":{"x":150,"y":86,"w":60,"h":81},"Sprite_12":{"x":84,"y":1,"w":68,"h":83},"Sprite_16":{"x":1,"y":1,"w":81,"h":83},"Sprite_11":{"x":84,"y":86,"w":64,"h":83},"Sprite_14":{"x":1,"y":171,"w":76,"h":83},"Sprite_7":{"x":207,"y":169,"w":48,"h":77},"Sprite_5":{"x":303,"y":169,"w":41,"h":75},"Sprite_4":{"x":346,"y":169,"w":38,"h":74},"Sprite_13":{"x":79,"y":171,"w":72,"h":83},"Sprite_2":{"x":423,"y":169,"w":32,"h":72},"Sprite_0":{"x":212,"y":1,"w":30,"h":72},"Sprite_15":{"x":1,"y":86,"w":81,"h":83},"Sprite_9":{"x":154,"y":1,"w":56,"h":80}},"mc":{"yaoji_mc_1":{"labels":[{"end":17,"frame":1,"name":"Sprite"}],"frameRate":17,"frames":[{"duration":1,"y":-36,"res":"Sprite_0","x":-15},{"duration":1,"y":-36,"res":"Sprite_1","x":-15},{"duration":1,"y":-36,"res":"Sprite_2","x":-15},{"duration":1,"y":-37,"res":"Sprite_3","x":-15},{"duration":1,"y":-38,"res":"Sprite_4","x":-15},{"duration":1,"y":-39,"res":"Sprite_5","x":-15},{"duration":1,"y":-40,"res":"Sprite_6","x":-15},{"duration":1,"y":-41,"res":"Sprite_7","x":-15},{"duration":1,"y":-42,"res":"Sprite_8","x":-15},{"duration":1,"y":-44,"res":"Sprite_9","x":-15},{"duration":1,"y":-45,"res":"Sprite_10","x":-15},{"duration":1,"y":-47,"res":"Sprite_11","x":-15},{"duration":1,"y":-47,"res":"Sprite_12","x":-15},{"duration":1,"y":-47,"res":"Sprite_13","x":-15},{"duration":1,"y":-47,"res":"Sprite_14","x":-15},{"duration":1,"y":-47,"res":"Sprite_15","x":-15},{"duration":1,"y":-47,"res":"Sprite_16","x":-15}],"events":[]}}}