{
	"groups": [
		{
			"keys": "btn_close_nor_png,btn_close_pre_png,btn_login_nor_png,btn_login_pre_png,btn_logon_nor_png,btn_logon_pre_png,interaction_take_png,interaction_water_png,mygarden_icon_interaction_png,mygarden_icon_manage_png,mygarden_icon_props_png,othersgarden_icon_back_png,othersgarden_icon_water_png,props_icon01_png,props_icon02_png,props_icon03_png,props_icon04_png,props_icon05_png,text_dynamic_png,text_integral_record_png,text_integral_png,text_interaction_png,text_login_png,text_logon_png,text_mygarden_png,text_password_png,text_props_activate01_png,text_props_activate02_png,text_props_activate03_png,text_props_activate04_png,text_props_activate05_png,text_props_use01_png,text_props_use02_png,text_props_use03_png,text_props_use04_png,text_props_use05_png,text_props_png,garden_png,mygarden_png,123_jpg,cuishu_mc_json,cuishu_tex_png,fangtou_mc_json,fangtou_tex_png,feiliao_mc_json,feiliao_tex_png,ganku_mc_json,ganku_tex_png,guozishule_mc_json,guozishule_tex_png,shachong_mc_json,shachong_tex_png,yaoji_mc_json,yaoji_tex_png,jiaoshui_tex_png,jiaoshui_mc_json",
			"name": "garden"
		},
		{
			"keys": "jiaoshui_tex_png,jiaoshui_mc_json",
			"name": "preload"
		}
	],
	"resources": [
		{
			"url": "config/description.json",
			"type": "json",
			"name": "description_json"
		},
		{
			"url": "assets/garden/btn_close_nor.png",
			"type": "image",
			"name": "btn_close_nor_png"
		},
		{
			"url": "assets/garden/btn_close_pre.png",
			"type": "image",
			"name": "btn_close_pre_png"
		},
		{
			"url": "assets/garden/btn_login_nor.png",
			"type": "image",
			"name": "btn_login_nor_png"
		},
		{
			"url": "assets/garden/btn_login_pre.png",
			"type": "image",
			"name": "btn_login_pre_png"
		},
		{
			"url": "assets/garden/btn_logon_nor.png",
			"type": "image",
			"name": "btn_logon_nor_png"
		},
		{
			"url": "assets/garden/btn_logon_pre.png",
			"type": "image",
			"name": "btn_logon_pre_png"
		},
		{
			"url": "assets/garden/interaction_take.png",
			"type": "image",
			"name": "interaction_take_png"
		},
		{
			"url": "assets/garden/interaction_water.png",
			"type": "image",
			"name": "interaction_water_png"
		},
		{
			"url": "assets/garden/mygarden_icon_interaction.png",
			"type": "image",
			"name": "mygarden_icon_interaction_png"
		},
		{
			"url": "assets/garden/mygarden_icon_manage.png",
			"type": "image",
			"name": "mygarden_icon_manage_png"
		},
		{
			"url": "assets/garden/mygarden_icon_props.png",
			"type": "image",
			"name": "mygarden_icon_props_png"
		},
		{
			"url": "assets/garden/othersgarden_icon_back.png",
			"type": "image",
			"name": "othersgarden_icon_back_png"
		},
		{
			"url": "assets/garden/othersgarden_icon_water.png",
			"type": "image",
			"name": "othersgarden_icon_water_png"
		},
		{
			"url": "assets/garden/props_icon01.png",
			"type": "image",
			"name": "props_icon01_png"
		},
		{
			"url": "assets/garden/props_icon02.png",
			"type": "image",
			"name": "props_icon02_png"
		},
		{
			"url": "assets/garden/props_icon03.png",
			"type": "image",
			"name": "props_icon03_png"
		},
		{
			"url": "assets/garden/props_icon04.png",
			"type": "image",
			"name": "props_icon04_png"
		},
		{
			"url": "assets/garden/props_icon05.png",
			"type": "image",
			"name": "props_icon05_png"
		},
		{
			"url": "assets/garden/text_dynamic.png",
			"type": "image",
			"name": "text_dynamic_png"
		},
		{
			"url": "assets/garden/text_integral.png",
			"type": "image",
			"name": "text_integral_png"
		},
		{
			"url": "assets/garden/text_integral_record.png",
			"type": "image",
			"name": "text_integral_record_png"
		},
		{
			"url": "assets/garden/text_interaction.png",
			"type": "image",
			"name": "text_interaction_png"
		},
		{
			"url": "assets/garden/text_login.png",
			"type": "image",
			"name": "text_login_png"
		},
		{
			"url": "assets/garden/text_logon.png",
			"type": "image",
			"name": "text_logon_png"
		},
		{
			"url": "assets/garden/text_mygarden.png",
			"type": "image",
			"name": "text_mygarden_png"
		},
		{
			"url": "assets/garden/text_password.png",
			"type": "image",
			"name": "text_password_png"
		},
		{
			"url": "assets/garden/text_props.png",
			"type": "image",
			"name": "text_props_png"
		},
		{
			"url": "assets/garden/text_props_activate01.png",
			"type": "image",
			"name": "text_props_activate01_png"
		},
		{
			"url": "assets/garden/text_props_activate02.png",
			"type": "image",
			"name": "text_props_activate02_png"
		},
		{
			"url": "assets/garden/text_props_activate03.png",
			"type": "image",
			"name": "text_props_activate03_png"
		},
		{
			"url": "assets/garden/text_props_activate04.png",
			"type": "image",
			"name": "text_props_activate04_png"
		},
		{
			"url": "assets/garden/text_props_activate05.png",
			"type": "image",
			"name": "text_props_activate05_png"
		},
		{
			"url": "assets/garden/text_props_use01.png",
			"type": "image",
			"name": "text_props_use01_png"
		},
		{
			"url": "assets/garden/text_props_use02.png",
			"type": "image",
			"name": "text_props_use02_png"
		},
		{
			"url": "assets/garden/text_props_use03.png",
			"type": "image",
			"name": "text_props_use03_png"
		},
		{
			"url": "assets/garden/text_props_use04.png",
			"type": "image",
			"name": "text_props_use04_png"
		},
		{
			"url": "assets/garden/text_props_use05.png",
			"type": "image",
			"name": "text_props_use05_png"
		},
		{
			"url": "assets/garden/garden.png",
			"type": "image",
			"name": "garden_png"
		},
		{
			"url": "assets/garden/mygarden.png",
			"type": "image",
			"name": "mygarden_png"
		},
		{
			"url": "assets/garden/garden_interaction_more.png",
			"type": "image",
			"name": "garden_interaction_more_png"
		},
		{
			"url": "assets/garden/garden_data_bg.png",
			"type": "image",
			"name": "garden_data_bg_png"
		},
		{
			"url": "assets/garden/123.jpg",
			"type": "image",
			"name": "123_jpg"
		},
		{
			"url": "mc/cuishu_tex.png",
			"type": "image",
			"name": "cuishu_tex_png"
		},
		{
			"url": "mc/fangtou_tex.png",
			"type": "image",
			"name": "fangtou_tex_png"
		},
		{
			"url": "mc/feiliao_tex.png",
			"type": "image",
			"name": "feiliao_tex_png"
		},
		{
			"url": "mc/ganku_tex.png",
			"type": "image",
			"name": "ganku_tex_png"
		},
		{
			"url": "mc/guozishule_tex.png",
			"type": "image",
			"name": "guozishule_tex_png"
		},
		{
			"url": "mc/shachong_tex.png",
			"type": "image",
			"name": "shachong_tex_png"
		},
		{
			"url": "mc/yaoji_tex.png",
			"type": "image",
			"name": "yaoji_tex_png"
		},
		{
			"url": "mc/cuishu_mc.json",
			"type": "json",
			"name": "cuishu_mc_json"
		},
		{
			"url": "mc/ganku_mc.json",
			"type": "json",
			"name": "ganku_mc_json"
		},
		{
			"url": "mc/fangtou_mc.json",
			"type": "json",
			"name": "fangtou_mc_json"
		},
		{
			"url": "mc/feiliao_mc.json",
			"type": "json",
			"name": "feiliao_mc_json"
		},
		{
			"url": "mc/shachong_mc.json",
			"type": "json",
			"name": "shachong_mc_json"
		},
		{
			"url": "mc/guozishule_mc.json",
			"type": "json",
			"name": "guozishule_mc_json"
		},
		{
			"url": "mc/yaoji_mc.json",
			"type": "json",
			"name": "yaoji_mc_json"
		},
		{
			"url": "mc/jiaoshui_tex.png",
			"type": "image",
			"name": "jiaoshui_tex_png"
		},
		{
			"url": "mc/jiaoshui_mc.json",
			"type": "json",
			"name": "jiaoshui_mc_json"
		}
	]
}