{
  "skins": {
    "index":"resource/garden_skins/Index.exml",
    "myGarden":"resource/garden_skins/MyGarden.exml",
    "othersGarden":"resource/garden_skins/OthersGarden.exml",
    "tool":"resource/garden_skins/Tools.exml",
    "scoreList":"resource/garden_skins/ScoreList.exml"
  },
  "autoGenerateExmlsList": true,
  "exmls": [
    "resource/garden_skins/Index.exml",
    "resource/garden_skins/MyGarden.exml",
    "resource/garden_skins/OthersGarden.exml",
    "resource/garden_skins/Tools.exml",
    "resource/garden_skins/ScoreList.exml"
  ]
}