{
	"engineVersion": "5.1.8",
	"compilerVersion": "5.1.8",
	"template": {},
	"target": {
		"current": "web"
	},
	"eui": {
		"exmlRoot": [
			"resource/eui_skins"
		],
		"themes": [
			"resource/default.thm.json"
		],
		"exmlPublishPolicy": "commonjs"
	},
	"modules": [
		{
			"name": "egret"
		},
		{
			"name": "eui"
		},
		{
			"name": "assetsmanager"
		},
		{
			"name": "tween"
		},
		{
			"name": "game"
		},
		{
			"name": "promise"
		},
		{
			"name": "dragonbones"
		},
		{
			"name": "h5uploader",
			"path": "../h5uploader"
		},
		{
			"name": "md5",
			"path": "../md5"
		}
	]
}