{
	"groups": [
		{
			"keys": "description_json,download_btn_png,download_bg_png,config_json",
			"name": "preload"
		}
	],
	"resources": [
		{
			"name": "description_json",
			"type": "json",
			"url": "config/description.json"
		},
		{
			"name": "download_btn_png",
			"type": "image",
			"url": "assets/download_btn.png"
		},
		{
			"name": "download_bg_png",
			"type": "image",
			"url": "assets/download_bg.png"
		},
		{
			"name": "config_json",
			"type": "json",
			"url": "config/config.json"
		}
	]
}